variable,model_slope,model_MAD,model_pval,model_intercept,minYear,adjusted_intercept
SECCHI_DEPTH,-0.009962121212121207,0.054305840909090894,5.771615846707864e-15,21.46809523809524,1980,1.7430952380952505
CHLa,0.04424999999999979,0.3278066615384612,8.23046602195528e-11,-81.5957499999995,1990,6.46175000000008
NITROGEN_TOTAL,-0.007098765432098771,0.014972429629629623,1.2328217416770974e-49,14.785925925925945,2003,0.5670987654321067
PHOSPHORUS_TOTAL,-1.2820512820512796e-4,6.607435897435893e-4,2.7146626773951316e-22,0.27628787878787814,1979,0.02256993006992991
TSS,-0.11458333333333326,0.10398791666666651,4.371590923357261e-41,234.3005882352941,1973,8.227671568627585
DIN,-0.014407407407407407,0.0109399829059829,2.9098115016780967e-46,29.093222222222217,1972,0.6818148148148104
