variable,model_slope,model_MAD,model_pval,model_intercept,minYear,adjusted_intercept
SECCHI_DEPTH,-0.009962121212121207,0.054305840909090894,5.771615846707864e-15,21.46809523809524,1980,1.7430952380952505
CHLa,0.030128205128205125,0.33501057692307695,2.9430400886291614e-6,-53.599999999999994,1990,6.355128205128203
NITROGEN_TOTAL,-0.007630514705882355,0.015209065563725487,1.0265108983356147e-55,15.830645833333323,2003,0.5467248774509663
PHOSPHORUS_TOTAL,-2.3703703703703688e-4,7.044311111111107e-4,1.0868789059380441e-48,0.49910052910052927,1979,0.03000423280423331
TSS,-0.08479121278140889,0.11207211655773415,2.684199929812617e-22,174.48160130718952,1973,7.188538489469778
DIN,-0.0020913299663299673,0.013821432562466773,0.026461119701731598,4.5085618686868685,1972,0.3844591750841726
